Time,X,Y,Attention
0,null,null,3
0.30716402479553223,null,null,3
0.8378759847412109,null,null,3
1.0748759732971191,null,null,3
1.2925040858306884,null,null,3
1.5885481201629639,null,null,3
1.8936798340606689,null,null,3
2.186992022888184,null,null,3
2.5670299465942383,600.703125,705,3
2.9314350762939454,600.703125,705,3
3.095435110626221,600.703125,705,3
3.3710949237060546,600.703125,705,3
